author,rate,title
作者:[英]吉米·哈利,9.3,万物生光辉
作者:(巴西)若泽•毛罗•德瓦斯康塞洛斯,9.1,我亲爱的甜橙树
作者:(美)马里奥·普佐,9.1,教父
作者:[美]罗伯特·麦基,9.2,故事
作者:[意]伊塔洛·卡尔维诺,9.1,树上的男爵
作者:盐野七生,9.2,罗马人的故事2
作者:(法)儒勒·凡尔纳,9.2,神秘岛（全三册）
作者:阿加莎·克里斯蒂,9.1,罗杰・艾克罗伊德谋杀案
作者:萧红,9.0,呼兰河传
作者:白先勇,9.1,孽子
作者:木心,9.3,木心作品八种
作者:史铁生,9.0,灵魂的事
作者:[英]吉米·哈利,9.2,万物既聪慧又奇妙
作者:[法]阿尔贝·加缪,9.0,局外人
作者:[德]赫尔曼·黑塞,9.0,荒原狼
作者:(奥)劳伦兹,9.2,所罗门王的指环
作者:一行禅师,9.0,故道白云
作者:冯友兰,9.2,中国哲学简史
作者:（美）保罗·萨缪尔森,9.3,经济学
作者:[美]查尔斯·舒尔茨,9.2,史努比黄金50年
作者:鲁兵主编,9.3,365夜
作者:刘义庆,9.1,世说新语
作者:[美]艾萨克·阿西莫夫,9.2,银河帝国3：第二基地
作者:[美]PeterVanDerLinden,9.2,C专家编程
作者:W.RichardStevens,9.2,TCP/IP详解卷1：协议
作者:（美）艾萨克·阿西莫夫/none,9.0,基地前传2·迈向基地（上下）
作者:[英]奈杰尔·巴利,9.0,天真的人类学家
作者:三毛,9.1,温柔的夜
作者:柏拉图,9.2,柏拉图的《会饮》
作者:[明]张岱,9.3,陶庵梦忆西湖梦寻
作者:[美]杰克·伦敦,9.0,热爱生命
作者:玛格丽特.米切尔,9.5,飘
作者:迟子建,9.0,额尔古纳河右岸
作者:[加]露西·莫德·蒙哥玛利,9.1,绿山墙的安妮
作者:[美]RandalE.Bryant/[美]DavidO'Hallaron,9.7,深入理解计算机系统（原书第2版）
作者:逯钦立校注,9.4,陶渊明集
出版社:中州古籍出版社,9.5,金刚经
作者:[阿根廷]博尔赫斯,9.1,小径分岔的花园
作者:三毛,9.1,梦里花落知多少
作者:三毛,9.2,荷西我爱你
作者:[古希腊]亚里士多德(Aristotle),9.2,尼各马可伦理学
作者:[美]StanleyB.Lippman,9.1,深度探索C++对象模型
作者:[德]赫尔曼·黑塞,9.0,玻璃球游戏
作者:[英]以塞亚·伯林,9.3,浪漫主义的根源
作者:藤萍,9.1,吉祥纹莲花楼终篇之青龙·白虎
作者:林崇德,9.1,中国少年儿童百科全书
作者:王德胜,9.2,中国少年儿童百科全书
作者:【英】毕翠克丝•波特,9.0,小兔彼得和他的朋友们（全3册）
作者:[美]阿特·斯皮格曼,9.2,鼠族（一、二部）
作者:理查德·威廉姆斯,9.6,原动画基础教程
作者:张荫麟,9.1,中国史纲
作者:[意大利]伊塔洛·卡尔维诺,9.0,美国讲稿
作者:(英)J.R.R.托尔金著/克里斯托弗·托尔金编,9.2,精灵宝钻
作者:[法]西蒙娜·德·波伏瓦,9.3,第二性Ⅱ
作者:[美]高居翰,9.0,隔江山色
作者:张爱玲,9.1,半生缘
作者:王尔德,9.2,夜莺与玫瑰
作者:张爱玲,9.1,金锁记
作者:（法）勒·柯布西耶/（瑞士）W·博奥席耶等,9.3,勒·柯布西耶全集
作者:[英]罗杰·克劳利,9.0,1453
作者:冯骥才,9.1,一百个人的十年
作者:[法]雨果,9.3,悲惨世界（全三册）
作者:[美]CharlesPetzold,9.3,编码
作者:吴楚材/吴调候,9.2,古文观止
作者:[汉]许慎撰/[宋]徐铉杨校定,9.2,说文解字
作者:(美)乔治·R.R.马丁,9.6,冰与火之歌·卷三·冰雨的风暴（全三册）
作者:[美]罗兰·米勒/[美]丹尼尔·珀尔曼,9.0,亲密关系（第5版）
作者:五月天,9.6,五月天之素人自拍
作者:[加拿大]基思·斯坦诺维奇,9.1,对伪心理学说不
作者:黄蓓佳,9.1,我要做好孩子
作者:杨柳松,9.1,北方的空地
作者:(美)安妮·阿普尔鲍姆,9.2,古拉格：一部历史
作者:[俄]陀思妥耶夫斯基,9.2,地下室手记
作者:郑渊洁,9.2,皮皮鲁和鲁西西全传
作者:[葡]若泽·萨拉马戈,9.1,失明症漫记
作者:[日]贵志祐介,9.0,来自新世界（上下）
作者:[美]艾萨克·阿西莫夫,9.0,永恒的终结
作者:罗杰·凯密恩（RogerKamien）,9.1,听音乐（插图第6版）
作者:李泽厚,9.2,美的历程
作者:[美]悉达多·穆克吉,9.1,众病之王
作者:[以色列]尤瓦尔·赫拉利,9.1,人类简史
作者:[美]阿图·葛文德（AtulGawande）,9.0,最好的告别
作者:三浦紫苑,9.0,强风吹拂
作者:吴军,9.0,文明之光（第一册）
作者:（宋）朱熹,9.3,四書章句集注
作者:奥得弗雷德·普鲁士勒,9.2,大盗贼
作者:李碧华,9.1,霸王别姬
作者:MartinFowler,9.0,重构
出版社:吉林文史出版社,9.1,易经
作者:[美]JonBentley,9.1,编程珠玑
作者:武玉成，顾丛龙注,9.4,宋词三百首
作者:刘向/宋韬（译注）,9.1,战国策
作者:RobertC.Martin,9.0,敏捷软件开发
作者:汤显祖,9.0,牡丹亭
作者:夏承焘/等,9.4,宋词鉴赏辞典
作者:[瑞典]阿斯特丽德·林格伦,9.0,长袜子皮皮
作者:陈鼓应,9.3,老子注译及评介
作者:彭一刚,9.1,中国古典园林分析
作者:芦原义信,9.0,外部空间设计
作者:老舍,9.1,四世同堂（上下）
作者:[英]莎士比亚,9.4,莎士比亚全集（全8册）
作者:[美]菲利普·津巴多/[美]罗伯特·约翰逊/[美]安·韦伯,9.4,津巴多普通心理学
作者:ElisabethFreeman//EricFreeman/BertBates/KathySierra/ElisabethRobson,9.2,HeadFirst设计模式（中文版）
作者:金庸,9.1,天龙八部
作者:吴楚材/吴调侯,9.1,古文观止
作者:[美]HaroldAbelson/[美]GeraldJaySussman/[美]JulieSussman,9.5,计算机程序的构造和解释(原书第2版)
作者:[美]约翰.墨菲,9.1,期货市场技术分析
作者:本杰明·格雷厄姆/BenjaminGraham,8.9,聪明的投资者
作者:李娟,9.0,冬牧场
作者:[德]瓦尔特·莫尔斯,9.4,蓝熊船长的13条半命
作者:[英]吉米·哈利（JamesHerriot）,9.0,万物既伟大又渺小
作者:阿城,9.1,阿城精选集
作者:陈秋平/尚荣,9.2,金刚经心经坛经
作者:（美）保罗·萨缪尔森/（美）诺德豪斯,9.1,经济学
作者:泰戈尔,9.1,飞鸟集
作者:顾城,9.1,顾城的诗顾城的画
作者:[日]原研哉,9.1,设计中的设计|全本
作者:宗萨钦哲仁波切,9.0,佛教的见地与修道
作者:何兆武（口述）/文靖,9.1,上学记
作者:(德)叔本华,9.2,人生的智慧
作者:[俄]康·巴乌斯托夫斯基,9.0,金蔷薇
作者:志摩千岁（日）,9.0,张国荣的时光
作者:汪曾祺,9.2,岁朝清供
作者:李允鉌,9.2,华夏意匠
作者:[英]吉米·哈利,9.1,万物刹那又永恒
出版社:中华书局,9.0,論語譯註
作者:梁漱溟,9.0,中国文化要义
作者:鲁迅,9.4,野草
作者:瞿同祖,9.2,中国法律与中国社会
作者:南怀瑾,8.9,庄子諵譁（上）
作者:王力主编,9.2,古代汉语（第一册）
作者:C.S.路易斯,9.2,返璞归真
作者:(英)西蒙﹒辛格,9.0,费马大定理
"作者:[美]加来道雄（Kaku,M）",9.1,超越时空
作者:[清]沈德潛,9.3,古詩源
作者:（葡萄牙）费尔南多·佩索阿,9.0,惶然录
作者:蒋勋,8.9,蒋勋说红楼梦（第一辑）
作者:[美]罗伯特·所罗门,9.0,大问题
作者:（阿根廷）博尔赫斯,9.2,阿莱夫
作者:[美]哈珀·李,9.1,杀死一只反舌鸟
作者:[美]罗伯特·麦基,9.2,故事
作者:[奥]维特根斯坦,9.2,逻辑哲学论
作者:[德]赫尔曼·黑塞,9.2,纳尔齐斯与歌尔德蒙
作者:(意)伊塔洛·卡尔维诺,9.2,新千年文学备忘录
作者:陈忠实,9.1,白鹿原
作者:[阿根廷]豪·路·博尔赫斯,9.4,博尔赫斯全集
作者:张爱玲,9.1,传奇(上下)
作者:[英]毛姆,9.0,人生的枷锁
作者:法兰克·佛杜锡克,9.0,神经外科的黑色喜剧
作者:叶广芩,9.0,采桑子
作者:钱钟书,9.0,围城
作者:钱钟书,9.0,写在人生边上写在人生边上的边上石语
作者:宗萨蒋扬钦哲仁波切,9.1,人间是剧场
作者:饶平如,9.1,平如美棠
作者:雨果,9.2,悲惨世界（上下）
作者:[德]马克斯·韦伯,9.2,学术与政治
作者:[奥地利]斯蒂芬·茨威格,9.0,心灵的焦灼
作者:钱穆,8.9,论语新解
作者:[阿根廷]豪·路·博尔赫斯,9.2,虚构集
作者:米切尔・恩德,9.1,毛毛
作者:何偉,9.3,甲骨文
作者:郑重/王要,9.2,大明宫词
作者:汉密尔顿/杰伊/麦迪逊,9.0,联邦党人文集
作者:王世襄,9.1,锦灰堆
作者:袁越,9.3,来自民间的叛逆
作者:[俄]亚历山大·索尔仁尼琴,9.2,古拉格群岛（上中下）
作者:任东来/陈伟/白雪峰,9.1,美国宪政历程
作者:[美]彼得·萨伯,9.0,洞穴奇案
作者:威勒德·普赖斯,9.7,哈尔罗杰历险记(全套共14册)
作者:RandalE.Bryant/DavidO'Hallaron,9.5,深入理解计算机系统
作者:[英]贡布里希(SirE.H.Gombrich),9.5,艺术的故事
作者:[美]乔治.R.R.马丁,9.5,冰与火之歌（卷三）
作者:[英]A.S.Hornby原著/SallyWehmeier主编/MichaelAshby语音编辑,9.5,牛津高阶英汉双解词典（第六版）
作者:RichardP.Feynman/RobertB.Leighton/MatthewSands,9.5,费恩曼物理学讲义（第1卷）
作者:熊顿,9.2,滚蛋吧!肿瘤君
作者:[清]曹雪芹著/高鹗续,9.6,红楼梦
作者:吴淼,9.4,塔希里亚故事集
作者:[哥伦比亚]加西亚·马尔克斯,9.3,百年孤独
作者:[美]ThomasH.Cormen/CharlesE.Leiserson/RonaldL.Rivest/CliffordStein,9.3,算法导论（原书第2版）
作者:[美]侯世达,9.4,哥德尔、艾舍尔、巴赫
作者:木心口述/陈丹青笔录,9.1,文学回忆录
作者:司马迁/张守节,9.5,史记（全十册）
作者:黄元吉,9.4,道德经
作者:刘慈欣,9.2,三体Ⅲ
作者:[美]乔治.R.R.马丁,9.4,冰与火之歌（卷二）
作者:鲁迅,9.5,鲁迅全集（2005最新修订版）
作者:吴淼,9.4,塔希里亚故事集Ⅱ
作者:吴军,9.0,浪潮之巅
作者:孔丘编订,9.4,诗经
作者:[美]艾萨克·阿西莫夫,9.3,第二基地
作者:林崇德主编,9.4,中国少年儿童百科全书（全四册）
出版社:广西民族出版社,9.3,唐诗三百首
作者:[宋]司馬光編著/[元]胡三省音注,9.4,資治通鑑（全二十冊）
作者:〔法〕大仲马著,9.3,基督山伯爵(上下)
出版社:少年儿童出版社,9.3,风与树的歌
作者:高尔泰,9.3,寻找家园
作者:（美）乔治·R·R·马丁,9.2,冰与火之歌·卷四·群鸦的盛宴（全两册）
作者:玛赞·莎塔碧,9.4,我在伊朗长大
作者:中国社会科学院语言研究所词典编辑室编,9.3,现代汉语词典（修订本）
作者:孙通海译注/方勇译注,9.4,庄子
作者:[俄]费奥多尔·陀思妥耶夫斯基,9.4,卡拉马佐夫兄弟
作者:[美]BrianW.Kernighan/[美]DennisM.Ritchie,9.4,C程序设计语言（第2版·新版）
作者:[意大利]卡尔维诺,9.3,卡尔维诺文集（第三卷）
作者:[美]安·兰德,9.0,源泉
作者:[美]乔治·R.R.马丁,9.3,冰与火之歌（卷一）
作者:兰晓龙,9.4,我的团长我的团（下部）
作者:蘅塘退士/陈婉俊,9.4,唐诗三百首
作者:张纯如,9.3,南京浩劫
作者:王小波,9.4,王小波全集
作者:[英]山姆·麦克布雷尼文/安妮塔·婕朗图,9.3,猜猜我有多爱你
作者:[美]艾萨克·阿西莫夫,9.2,基地
作者:[日]田中芳树,9.2,银河英雄传说
作者:[日]莫莉蓟野,9.1,猫城小事
作者:[伊朗]玛赞·莎塔碧,9.2,我在伊朗长大1
作者:錢穆,9.3,國史大綱（上下）
作者:费孝通,9.3,乡土中国生育制度
作者:鲁兵主编/朱延龄插图,9.3,365夜故事（上下）
作者:[美]艾萨克·阿西莫夫,9.2,基地与帝国
作者:顾准,9.1,顾准文集
作者:[美]米切尔,9.2,飘（全二册）
作者:[英]乔治·奥威尔,9.3,一九八四·动物农场
作者:（清）纳兰性德/赵秀亭（笺校）/冯统一（笺校）,9.2,飲水詞箋校
作者:[美]欧文·斯通,9.2,渴望生活
作者:（英）帕·林·特拉芙斯,9.3,随风而来的玛丽阿姨
作者:[哥伦比亚]加西亚·马尔克斯,9.0,霍乱时期的爱情
作者:[英]毛姆,9.1,月亮和六便士
作者:[美]G.伽莫夫,9.1,从一到无穷大
作者:[法]托克维尔,9.2,论美国的民主
作者:(美)斯塔夫里阿诺斯,9.2,全球通史(上)
"作者:（美）斯塔夫里阿诺斯（Stavrianos,L.S.）",9.2,全球通史(下)
作者:曹天元,9.2,上帝掷骰子吗
作者:[奥]莱内·马利亚·里尔克,9.1,给青年诗人的信
作者:[英]王尔德,9.2,快乐王子
作者:[美]史蒂夫·迈克康奈尔,9.3,代码大全（第2版）
作者:StanleyB.Lippman/JoséeLaJoie/BarbaraE.Moo,9.2,C++Primer中文版（第4版）
作者:刘慈欣,9.3,三体Ⅱ
作者:[丹麦]金·弗珀兹·艾克松/文/[瑞典]爱娃·艾瑞克松/图,9.3,爷爷变成了幽灵
作者:[美]斯蒂芬·金,9.1,肖申克的救赎
作者:（丹麦）安徒生,9.2,安徒生童话故事集
作者:路遥,9.1,平凡的世界（全三册）
作者:三毛,9.2,撒哈拉的故事
作者:[美国]玛格丽特·米切尔,9.3,飘
作者:[明]罗贯中,9.3,三国演义（全二册）
作者:[英]王尔德,9.1,王尔德童话
作者:卡里·纪伯伦,9.1,先知
作者:[法]阿尔贝·加缪,9.1,加缪文集
作者:[英]瑞·蒙克,9.2,维特根斯坦传
作者:中国社会科学院语言研究所编,9.2,新华字典（1998年修订本）
作者:兰晓龙,9.3,我的团长我的团（上部）
作者:埃利奥特·阿伦森ElliotAronson,9.1,社会性动物
作者:[美]迈克尔·桑德尔,9.0,公正
作者:[美]ErichGamma/RichardHelm/RalphJohnson/JohnVlissides,9.1,设计模式
作者:[德]叔本华,9.1,人生的智慧
作者:[美]R·柯朗H·罗宾著/I·斯图尔特修订,9.1,什么是数学
作者:[晋]陈寿撰/[宋]裴松之注,9.3,三国志（全五册）
作者:当年明月,9.1,明朝那些事儿（1-9）
作者:[奥]斯蒂芬·茨威格,9.2,昨日的世界
作者:萧涤非/等,9.3,唐诗鉴赏辞典
作者:幾米,9.0,星空
作者:[阿根廷]博尔赫斯,9.2,博尔赫斯小说集
作者:[美]彼得·海斯勒,9.1,江城
作者:安徒生,9.1,海的女儿
作者:[英]阿·柯南道尔,9.3,福尔摩斯探案全集（上中下）
作者:慕容引刀,9.0,让爱点亮
作者:[德]赫尔曼·黑塞,9.0,悉达多
作者:美国纽约摄影学院,9.1,美国纽约摄影学院摄影教材（上）
作者:EricS.Raymond,9.0,UNIX编程艺术
作者:[法国]马塞尔·普鲁斯特,9.1,追忆似水年华（上下册）
作者:[法]列维-斯特劳斯,9.1,忧郁的热带
作者:[美]埃里克·霍弗,8.9,狂热分子
作者:钱穆,9.2,中国历代政治得失
作者:[美]菲利普·科特勒/[美]凯文·莱恩·凯勒,9.0,营销管理
作者:谢尔・希尔弗斯坦,9.1,爱心树
作者:余华,9.1,活着
作者:尹建莉,8.9,好妈妈胜过好老师
作者:[伊朗]玛赞·莎塔碧,9.2,我在伊朗长大3
作者:[德]埃·奥·卜劳恩绘,9.2,父与子全集
作者:慕容引刀,9.0,被爱路过
作者:[日]莫莉蓟野,9.1,子猫絮语
作者:[英]乔治·奥威尔,9.3,动物农场
作者:王小波,9.1,沉默的大多数
作者:hans,8.9,阿狸·梦之城堡
作者:余华,9.1,活着
作者:[法]圣埃克苏佩里,9.0,小王子
作者:[日]东野圭吾,9.1,白夜行
作者:[英]阿加莎·克里斯蒂,9.0,东方快车谋杀案
作者:[英]奥斯丁,9.0,傲慢与偏见
作者:王小波,9.1,我的精神家园
作者:芭芭拉·德米克,9.1,我們最幸福
作者:林达,9.0,历史深处的忧虑
作者:[美]曼昆,9.1,经济学原理（上下）
出版社:少年儿童出版社,9.1,十万个为什么
作者:[奥]斯蒂芬·茨威格,9.1,象棋的故事
作者:王小波,9.0,沉默的大多数
作者:[日]东野圭吾,9.0,嫌疑人X的献身
作者:[清]蒲松龄著/朱其铠等校注,9.1,全本新注聊斋志异（全三册）
作者:屈原,9.1,楚辞
作者:[英]阿瑟·克拉克,9.1,2001太空漫游
作者:[美]特德·蒋,9.0,你一生的故事
作者:宫西达也,9.1,你看起来好像很好吃
作者:张乐平,9.2,三毛流浪记（全集）
作者:张乐平,9.0,三毛从军记全集
作者:[日]伊坂幸太郎,9.0,金色梦乡
作者:[美]彼得·海斯勒,9.0,寻路中国
作者:[法]米歇尔·福柯,9.2,规训与惩罚
作者:[英]毛姆,9.0,刀锋
作者:章东磐,8.9,父亲的战场
作者:[美]丹·西蒙斯,9.0,海伯利安
作者:[俄]布尔加科夫,9.0,大师和玛格丽特
作者:林达,9.0,我也有一个梦想
作者:王国维,9.0,人间词话
作者:秦晖,9.1,传统十论
作者:[英]马丁•麦克多纳/汀布莱克•韦滕贝克/安东尼•尼尔逊/卡丽尔•丘琪尔,9.2,枕头人
作者:汪曾祺,9.3,受戒
作者:[英]肯·福莱特,8.9,巨人的陨落
作者:[美]哈珀·李,9.2,杀死一只知更鸟
作者:陈寅恪,9.0,柳如是别传（全三册）
作者:[法]克里斯多夫·夏布特,9.1,灯塔
作者:三毛,9.0,万水千山走遍
作者:PhilipJ.Guo,9.1,ThePh.D.Grind
作者:（英）弗雷泽,9.0,金枝
作者:[日]三岛由纪夫,9.2,丰饶之海（上下）
作者:[英]J.R.R.托尔金,9.5,魔戒
作者:柏拉图,9.1,斐多
作者:顾城,9.1,顾城哲思录
作者:马克斯·韦伯,9.1,韦伯作品集Ⅻ:新教伦理与资本主义精神
作者:米兰Lady,8.6,孤城闭
作者:[明]王阳明撰,9.3,传习录
作者:StephenPrata/云巅工作室,9.1,CPrimerPlus
作者:[美]黄仁宇,9.1,万历十五年（增订本）
作者:(法)孟德斯鸠,9.0,论法的精神（上）
作者:费孝通,9.0,江村经济
作者:桔子樹,9.3,麒麟之与子同袍
作者:[爱尔兰]奥斯卡·王尔德,9.0,快乐王子
作者:李娟,9.1,羊道·深山夏牧场
作者:[俄]列夫·托尔斯泰,9.2,安娜·卡列尼娜
作者:李娟,9.1,羊道·前山夏牧场
作者:旋元佑,9.5,英语魔法师之语法俱乐部
作者:CharlesPetzold,9.3,编码的奥秘
作者:(日)三岛由纪夫,9.0,天人五衰
作者:李碧华,9.2,霸王别姬
作者:[奥]莱内·马利亚·里尔克,9.1,给青年诗人的信
作者:DouglasCrockford,9.1,JavaScript语言精粹
作者:[日]芥川龙之介,9.3,芥川龙之介全集
作者:TOBYSEGARAN,9.0,集体智慧编程
作者:阿城,9.1,棋王.樹王.孩子王
作者:（法）安德烈·巴赞,9.0,电影是什么？
作者:老舍,9.2,正红旗下
作者:(法)克利斯提昂.约里波瓦/文/(法)克利斯提昂.艾利施/图,9.1,我想去看海
作者:藤萍,9.0,香初上舞·终上
作者:藤萍,9.0,香初上舞·再上
作者:赖世雄,9.6,美语音标
作者:[英]毛姆,9.0,人生的枷锁
作者:金庸,9.6,金庸全集
作者:毛泽东,9.4,毛泽东选集第一卷
作者:陈鼓应注译,9.3,庄子今注今译（全三册）
作者:南怀瑾,9.0,庄子諵譁（下）
作者:鲁迅,9.4,故事新编
作者:汪曾祺,9.2,汪曾祺小说经典
作者:鸟哥,9.1,鸟哥的Linux私房菜
作者:[荷]文森特·凡高,9.0,亲爱的提奥
作者:夏宇,9.1,夏宇詩集／腹語術
作者:海子著/西川编,9.2,海子诗全集
作者:罗曼·罗兰,9.1,约翰·克利斯朵夫（共四册）
作者:（明）汤显祖著；徐朔方，杨笑杨校注,9.1,牡丹亭
作者:[英]阿诺德·汤因比,9.1,历史研究
作者:[德]赫尔曼·黑塞,9.0,德米安
作者:[苏]安德烈·塔可夫斯基,9.1,雕刻时光
作者:罗杰•霍克(RogerR.Hock),9.2,改变心理学的40项研究
作者:[俄]陀思妥耶夫斯基,9.1,死屋手记
"作者:（黎巴嫩）纪·哈·纪伯伦（Gibran,K.）",9.1,纪伯伦诗集
作者:卡里・纪伯伦/廖欣,9.1,沙与沫
作者:[意]普里莫·莱维,9.3,被淹没和被拯救的
作者:[加拿大]阿利斯泰尔·麦克劳德,9.1,海风中失落的血色馈赠
作者:[白俄]S·A·阿列克谢耶维奇,9.1,切尔诺贝利的悲鸣
作者:[法]克里斯托弗·加尔法德,9.1,极简宇宙史
作者:[法]马塞尔·普鲁斯特,9.2,追忆似水年华
作者:卡伦·霍尼,9.0,我们时代的神经症人格
作者:[哥伦比亚]加西亚·马尔克斯,9.0,活着为了讲述
作者:本书编委会,9.6,心经
作者:米切尔·恩德,9.2,毛毛
作者:田中芳树,9.4,银河英雄传说
作者:汪曾祺,9.1,受戒
作者:(法)阿尔贝·加缪,9.1,局外人
作者:BarbaraDemick,9.2,NothingtoEnvy
作者:李碧华,9.1,霸王别姬
作者:[瑞典]弗雷德里克·巴克曼,9.0,一个叫欧维的男人决定去死
作者:史铁生,9.0,记忆与印象
作者:(印度)泰戈尔,9.0,新月集·飞鸟集
作者:（美）玛格丽特・米切尔,9.4,乱世佳人(上、下)
作者:三毛,9.1,温柔的夜
作者:[美]ScottMeyers,9.2,EffectiveC++中文版
作者:【美】斯科特•安德森（ScottAnderson）,9.1,阿拉伯的劳伦斯
作者:MartinFowler,9.0,重构
作者:杨小凯,9.1,百年中国经济史笔记
作者:冯友兰,9.1,中国哲学简史
作者:白谦慎,9.0,傅山的世界
作者:KennethA.Reek,9.0,C和指针
作者:夏宇,9.1,備忘錄
作者:[英]约翰·穆勒,9.3,论自由
作者:威廉·萨默赛特·毛姆/(W.S.Maugham),9.1,人性的枷锁
作者:Priest,8.8,有匪1
作者:刘和平,9.1,大明王朝1566
作者:王小波,9.0,黄金时代
作者:[美]雅罗姆（IrvinD.Yalom）,9.1,给心理治疗师的礼物
作者:桔子樹,9.4,麒麟之生死與共
作者:张新颖,9.1,沈从文的后半生
作者:[英]肯·福莱特,8.8,世界的凛冬
作者:[美]约翰·斯坦贝克（JohnSteinbeck）,9.0,人鼠之间
作者:[英]威廉·萨默塞特·毛姆,9.0,面纱
作者:[美]田纳西·威廉斯,9.0,欲望号街车
作者:南怀瑾述,9.2,南怀瑾选集（第一卷）
作者:[英]路德维希·维特根斯坦,9.0,哲学研究
作者:(美)丹·西蒙斯,8.9,海伯利安的陨落
作者:[美]丹·西蒙斯,9.1,海伯利安
作者:叶嘉莹,9.1,唐宋词十七讲
作者:张五常,9.0,经济解释卷一：科学说需求（神州增订版）
作者:钱钟书,9.3,管锥编（全五册）
作者:[日]芥川龙之介,9.2,罗生门
作者:史铁生,9.1,我与地坛
作者:吳念真,9.0,這些人，那些事
作者:(德)亚瑟·叔本华,9.1,叔本华思想随笔
作者:斯·茨威格,9.1,斯·茨威格中短篇小说选
作者:[英]威廉·萨默塞特·毛姆,9.1,毛姆短篇小说精选集
作者:李娟,9.1,阿勒泰的角落
作者:老舍,9.3,四世同堂
作者:大仲马,9.2,基督山伯爵（上下册）
作者:[意大利]卡尔维诺,9.0,卡尔维诺文集（第五卷）
作者:王小波,9.1,黄金时代白银时代
作者:[英]贡布里希(SirE.H.Gombrich),9.6,艺术的故事
作者:[澳]格里高利·大卫·罗伯兹,9.0,项塔兰
作者:李光耀,9.2,李光耀观天下
作者:白先勇,9.1,台北人
作者:[英]威尔·贡培兹,9.1,现代艺术150年
作者:(俄罗斯)维克托·阿斯塔菲耶夫,8.9,鱼王
作者:[意]埃莱娜·费兰特,9.1,新名字的故事
作者:果麦编,9.0,孩子们的诗
作者:Priest,8.9,有匪3
作者:[英]J.R.R.托尔金著/[英]艾伦·李图,9.1,霍比特人：精装插图本
作者:早稻,9.6,松风
作者:S.A.阿列克谢耶维奇,9.0,我是女兵，也是女人
作者:[奥]里尔克,9.0,给青年诗人的信
作者:【德】朱莉娅·恩德斯,8.9,肠子的小心思
作者:王鼎钧,9.2,关山夺路
作者:[古希腊]柏拉图,9.3,会饮篇
作者:[英]乔纳森·林恩/(英)安东尼·杰伊编著,9.1,是，大臣
作者:三岛由纪夫,9.1,春雪
作者:周桦,8.9,褚时健传
作者:李微漪,9.0,重返狼群
作者:[荷]文森特•梵高/[美]H.安娜•苏/编,9.4,梵高手稿
作者:盐野七生,9.2,罗马人的故事5
作者:盐野七生,9.1,罗马人的故事（礼品装，全15册）
作者:陈寅恪,9.6,隋唐制度渊源略论稿唐代政治史述论稿
作者:[美]海蒂·格兰特·霍尔沃森,8.8,成功，动机与目标
作者:[英国]鲍曼,9.1,现代性与大屠杀
作者:[美]克雷格·莱特(CraigWright),9.5,聆听音乐
作者:[南朝梁]刘勰著/范文澜注,9.3,文心雕龙注（上下）
作者:老舍,9.1,不成问题的问题
作者:李航,9.0,统计学习方法
作者:[西班牙]路易斯·塞尔努达,8.9,奥克诺斯
作者:（英）特雷·伊格尔顿,9.1,二十世纪西方文学理论
作者:[美]查理·芒格/[美]彼得·考夫曼（编）,8.9,穷查理宝典
作者:[日]星野道夫,9.2,永恒的时光之旅
作者:杨显惠,9.4,定西.孤儿院纪事
作者:蒋廷黻,9.0,中国近代史
作者:夏丏尊/叶圣陶,9.1,文心
作者:康德,9.0,纯粹理性批判
作者:弗兰姆普敦,9.2,建构文化研究
作者:李乾朗,9.3,穿墙透壁
作者:卡伦·霍尼,8.9,我们内心的冲突
作者:[美]艾里希·弗洛姆,9.2,逃避自由
作者:[德国]赫尔曼·黑塞,9.3,纳尔齐斯和歌尔德蒙
作者:[法]盖伊·萨杰,9.0,被遗忘的士兵
作者:[美]埃里克·坎德尔,8.9,追寻记忆的痕迹
作者:冯骥才,9.3,一百个人的十年
作者:(波兰)亚历山德拉·米热林斯卡/丹尼尔·米热林斯基著,9.1,地图（人文版）
作者:阿耐,8.9,大江东去
作者:单之蔷,9.2,中国景色
作者:[英]劳伦斯·里斯,9.5,奥斯维辛
作者:[墨西哥]胡安·鲁尔福,9.0,佩德罗·巴拉莫
作者:[美]弗诺·文奇,9.0,天渊
作者:[英]基思·罗威,9.0,野蛮大陆
作者:杰克·伦敦,9.0,荒野的呼唤
作者:李娟,9.0,遥远的向日葵地
作者:【美】鲁道夫·德雷克斯/【美】薇姬·索尔兹,9.1,孩子：挑战
作者:阿尔蒂尔・兰波,9.0,地狱一季
作者:[美]理查德·耶茨,9.1,革命之路
作者:[美]帕蒂·史密斯,9.0,只是孩子
作者:宗萨蒋扬钦哲仁波切,9.0,正见
作者:宗萨蒋扬钦哲仁波切,9.2,佛教的见地与修道
作者:[意]伊塔洛·卡尔维诺,9.0,看不见的城市
作者:[俄]帕乌斯托夫斯基,9.1,金蔷薇
作者:钱穆,8.9,中国史学名著
作者:王小波,9.0,绿毛水怪
作者:[意]卡洛·罗韦利,8.9,时间的秩序
作者:(美)大卫·马祖凯利,9.1,建筑师
作者:[美]托马斯·库恩/[美]伊安·哈金(导读),9.0,科学革命的结构
作者:[英]威廉·萨默塞特·毛姆,9.1,叶之震颤
作者:[英]奥兰多·费吉斯,9.3,娜塔莎之舞
作者:仇鹿鸣,9.4,魏晋之际的政治权力与家族网络
作者:李碧妍,9.1,危机与重构
作者:[美]沃尔特·李普曼,9.2,舆论
作者:刘和平,9.4,大明王朝1566
作者:故宫博物院,9.0,谜宫·如意琳琅图集
作者:[英]丹尼尔·比尔,8.9,死屋
作者:[日]今敏,9.1,OPUS作品
作者:[美]塔拉·韦斯特弗,8.7,你当像鸟飞往你的山
作者:严耕望,9.2,治史三书
作者:[意]埃莱娜·费兰特,9.2,失踪的孩子
作者:[美]本尼迪克特·安德森,8.9,椰壳碗外的人生
作者:老舍,9.1,离婚
作者:[德]赫尔曼·黑塞,9.0,荒原狼
作者:[美]DanielT.Willingham,9.2,为什么学生不喜欢上学?
作者:[德]叔本华,9.3,人生的智慧
作者:陈忠实,9.0,白鹿原
作者:三毛,9.2,撤哈拉的故事
作者:[美]大卫·波德维尔/克里斯汀·汤普森,9.4,世界电影史（第二版）
作者:[美]汉娜·阿伦特,9.1,人的境况
作者:[美]欧文·亚龙,9.0,叔本华的治疗
作者:施耐庵,9.2,金圣叹批评本水浒传
作者:[晉]郭璞傳/廣陵書社編,9.3,山海經
作者:章詒和,9.1,往事並不如煙
作者:[俄罗斯]瓦西里·格罗斯曼,9.3,生活与命运
作者:(意)贝卡里亚,9.2,论犯罪与刑罚
作者:王小波,9.1,夜行记
作者:史铁生,9.1,史铁生散文
作者:吕楠,9.3,被人遗忘的人：中国精神病人生存状况
作者:的灰,9.3,与他共度61世
作者:王奇生,9.2,党员、党权与党争
作者:[英]詹姆斯·伍德,9.1,小说机杼
作者:[英]赫胥黎,9.1,美丽新世界
作者:[以色列]阿摩司·奥兹,9.0,爱与黑暗的故事
作者:王小波,9.0,黄金时代
作者:ShelSilverstein,9.0,失落的一角遇见大圆满
作者:（瑞典）波·R·汉伯格/（瑞典）爱娃·艾瑞克松（图）,9.1,我的爸爸叫焦尼
作者:(美)菲利普·迪克,9.0,少数派报告
作者:（韩）孔枝泳,9.2,熔炉
作者:叶广芩,9.1,豆汁记
作者:[美]尼尔·盖曼（NeilGaiman）编/山姆·凯斯（SamKeith）等绘,8.9,睡魔1：前奏与夜曲
作者:[美]戴维•乔治•哈斯凯尔,9.0,看不见的森林
作者:汪曾祺,9.1,人间草木
作者:[美]史蒂芬·奈菲/[美]格雷高里·怀特·史密斯,9.2,梵高传
作者:(法)玛格南图片社/读库编选,9.3,读
作者:刘敦桢,9.1,中国古代建筑史
作者:[法]斯泰凡·厄埃编绘/[法]马塞尔·普鲁斯特原作,9.2,追寻逝去的时光·第一卷
作者:[英]罗莎蒙德·基德曼·考克斯,9.5,荒野之歌
作者:[美]C.赖特·米尔斯/李钧鹏闻翔主编,9.1,社会学的想象力
作者:[英]斯蒂芬·韦斯塔比,9.1,打开一颗心
作者:弗雷德里克·S·米什金,9.2,货币金融学
作者:[美]戴维·迈尔斯,9.4,社会心理学
作者:张德宝等著闻妙释义,9.5,地藏菩萨本愿经
作者:王国维,9.0,人间词话手稿本全编
作者:萧涤非等著,9.4,唐诗鉴赏辞典
作者:（德）叔本华,9.4,叔本华思想随笔
作者:梁思成,9.1,中国建筑史
作者:蒋勋,9.0,蒋勋说红楼梦
作者:艾玛纽埃尔·勒巴热,9.2,切尔诺贝利之春
作者:[英]J.A.贝克,9.1,游隼
作者:顾随/叶嘉莹（笔记）,9.1,中国古典诗词感发
作者:[瑞典]托马斯·特朗斯特罗姆,9.1,特朗斯特罗姆诗歌全集
作者:【美】肯•威尔伯,9.0,恩宠与勇气：超越死亡
作者:[法]本杰明·雷内编绘,9.1,坏狐狸
作者:[美]彼得·林奇/[美]约翰·罗瑟查尔德,9.1,彼得·林奇的成功投资
作者:贺星编辑,9.1,拜厄钢琴基本教程
作者:[美]菲利普·津巴多/[美]迈克尔·利佩,9.0,态度改变与社会影响
作者:李泽厚,9.1,中国古代思想史论
作者:[德]康德,9.1,判断力批判
作者:[俄]列夫·托尔斯泰,9.2,伊凡·伊里奇之死
作者:[阿根廷]豪·路·博尔赫斯,9.2,阿莱夫
作者:(法)阿尔贝·加缪,9.3,卡利古拉
作者:[日]芥川龙之介,9.2,地狱变
作者:[意]伊塔洛·卡尔维诺,9.2,美国讲稿
作者:[古希腊]修昔底德,9.0,伯罗奔尼撒战争史
作者:[古希腊]亚里士多德,9.0,诗学
作者:田余庆,9.4,秦汉魏晋史探微
作者:陈凯歌,9.2,少年凯歌
作者:叶嘉莹,9.3,叶嘉莹说汉魏六朝诗
作者:冯骥才,9.1,一百个人的十年
作者:[俄]费·陀思妥耶夫斯基,9.3,群魔
作者:[西班牙]路易斯·塞尔努达,9.1,致未来的诗人
作者:[法]萧沆,9.0,解体概要
作者:[瑞典]英格玛·伯格曼,9.0,魔灯
作者:朱光潜,9.0,朱光潜谈美
作者:[西班牙]路易斯·塞尔努达,8.8,现实与欲望
作者:一行禅师,8.9,佛陀传
作者:(德)尼采,9.3,查拉图斯特拉如是说
作者:[波兰]安德烈·斯帕克沃斯基,9.0,猎魔人2：宿命之剑
作者:王小波,8.9,沉默的大多数
作者:鲁迅,9.2,故事新编
作者:（古希腊）柏拉图,9.0,柏拉图对话集
作者:WilliamStrunkJr./E.B.White,9.2,"TheElementsofStyle,FourthEdition"
作者:陈海涛/陈琦,9.4,图说敦煌二五四窟
作者:冶文彪,9.1,清明上河图密码6
作者:陳浩基,9.1,1367
作者:[法]米歇尔·福柯,9.4,规训与惩罚(修订译本)(第4版)
作者:王国维,9.0,人间词话
作者:王小波,9.1,我的精神家园
作者:梁漱溟,9.1,中国文化要义
作者:[阿根廷]博尔赫斯,9.0,另一个，同一个
作者:[阿根廷]豪·路·博尔赫斯,9.0,博尔赫斯，口述
作者:[阿根廷]豪·路·博尔赫斯,9.1,七夜
作者:[阿根廷]豪·路·博尔赫斯,9.0,诗艺
作者:[伊朗]阿巴斯·基阿鲁斯达米,9.4,樱桃的滋味
作者:[美]帕特·多尔西,9.0,股市真规则
作者:（美）巫鸿,9.0,重屏
作者:美国大都会艺术博物馆,9.0,大都会艺术博物馆指南
作者:[俄]陀思妥耶夫斯基,9.4,白痴
作者:[美]威廉·巴雷特,9.0,非理性的人
作者:[美]汉普顿·塞兹,9.3,冰雪王国
作者:[美]罗兰·米勒(RowlandS.Miller),9.3,亲密关系
作者:[美]本杰明•格雷厄姆（BenjaminGraham）/[美]戴维•多德（DavidL.Dodd）,9.1,证券分析
作者:[美]彼得·L.伯格,9.2,与社会学同游
作者:（古希腊）亚里士多德,9.1,政治学
作者:(英)弗里德利希・冯・哈耶克,9.1,自由秩序原理
作者:矢玉四郎,9.0,晴天有时下猪
作者:鲁迅,9.2,彷徨
作者:[法]哈农编写,9.4,哈农钢琴练指法
作者:[法]阿尔贝·加缪,9.1,加缪手记
作者:费孝通,9.1,生育制度
作者:曲卉,8.9,硅谷增长黑客实战笔记
作者:[日]吉竹伸介,9.1,有呀有呀书店
作者:[美]约翰·威廉斯,9.2,奥古斯都
作者:王小波,9.1,绿毛水怪
作者:博多·舍费尔(SchaferB.),9.1,小狗钱钱
作者:[法]迪迪埃·埃里蓬,8.8,回归故里
作者:[韩]孔枝泳,9.3,熔炉
作者:[英]阿瑟·克拉克,9.1,2010：太空漫游
作者:[英]尤金·罗根,9.3,征服与革命中的阿拉伯人
作者:[英]理查德·J.埃文斯,9.4,第三帝国的到来
作者:[意]伊塔洛·卡尔维诺,8.9,马可瓦尔多
作者:特伦斯•迪金森,9.3,夜观星空
作者:[英]乔纳森·沃尔夫（JonathanWolff）,9.3,牛津大学哲学通识课：政治哲学
作者:萧红,9.1,呼兰河传
作者:[美]詹姆斯·C.斯科特,9.0,六论自发性
作者:刘勃,8.9,失败者的春秋
作者:[美]戴维·巴斯,9.0,进化心理学(第4版)
作者:[墨西哥]胡安·鲁尔福,9.1,佩德罗·巴拉莫
作者:[英]奥尔德斯·赫胥黎,9.1,美丽新世界
作者:[日]芥川龙之介,9.3,竹林中
作者:[捷克]米兰·昆德拉,9.1,不能承受的生命之轻
作者:[美]J.D.塞林格,8.9,九故事
作者:莫言,9.2,檀香刑
作者:老舍,9.1,骆驼祥子
作者:[日]户根勤,9.1,网络是怎样连接的
出版社:机械工业出版社,9.2,当尼采哭泣
"作者:陈福田(作者)/胡晓凯(编者,丛书主编)",9.4,西南联大英文课
作者:老舍,9.2,我这一辈子
作者:[美]严歌苓,9.2,陆犯焉识
作者:王小波李银河,8.9,爱你就像爱生命（精装全彩珍藏）
作者:汪曾祺,9.2,慢煮生活
作者:肖战/黄文文,9.9,助张继科成就大满贯
作者:艾琳娜.斐蘭德,9.2,那不勒斯故事四部曲
作者:夏萌,8.9,你是你吃出来的
作者:[美]莱曼·弗兰克·鲍姆,9.0,绿野仙踪
作者:[白俄]S.A.阿列克谢耶维奇,9.0,切尔诺贝利的祭祷
作者:李银河,9.1,女性主义
作者:张爱玲,9.1,倾城之恋
作者:朱西甯,9.0,铁浆
作者:[奥]弗兰茨·卡夫卡,9.1,审判
作者:[美]约翰·斯坦贝克,9.1,愤怒的葡萄
作者:曹天元,9.0,上帝掷骰子吗？
作者:［日］秋山亮二,9.6,你好小朋友
作者:[英]弗吉尼亚·伍尔夫,9.2,一间只属于自己的房间
作者:[英]米莉·玛洛塔,9.1,地球上最孤单的动物
作者:[古希腊]荷马,9.0,伊利亚特
作者:[美]卡尔·R·罗杰斯,9.2,个人形成论
作者:李泽厚,9.0,华夏美学·美学四讲
作者:汪曾祺,9.0,晚饭花集
作者:(日)小林章,9.0,西文字体
作者:[奥地利]斯蒂芬·茨威格,9.1,一个政治性人物的肖像
作者:司马光,9.8,资治通鉴
作者:[宋]苏轼/刘石导读,9.4,苏轼词集
作者:[南朝梁]刘勰/黄霖导读/黄霖整理集评,9.4,文心雕龙
作者:[德]瓦尔特·莫尔斯,9.0,梦书之城
作者:阿瑟.柯南.道尔,9.2,福尔摩斯探案集
作者:[德]赫尔曼·黑塞,9.1,荒原狼
作者:[葡]若泽·萨拉马戈,9.1,失明症漫记
作者:[英]约翰·穆勒,9.3,论自由
作者:史铁生,9.0,病隙碎笔
作者:（俄）亚历山大•索尔仁尼琴,9.2,癌症楼
作者:[美]弗拉基米尔·纳博科夫,9.2,文学讲稿
作者:陈旭麓,9.1,近代中国社会的新陈代谢
作者:杨显惠,9.5,告别夹边沟
作者:(英)罗尔德·达尔著/(英)昆廷·布莱克绘,9.0,玛蒂尔达
作者:萧冬连,9.6,筚路维艰
作者:[俄]契诃夫,9.3,万尼亚舅舅·三姊妹·樱桃园
作者:[俄]契诃夫,9.4,伊凡诺夫·海鸥
作者:[美]理查德·普雷斯顿,9.2,血殇
作者:鲁迅,9.6,坟
作者:郭彧译注,9.0,周易
作者:路遥,9.0,早晨从中午开始
作者:佐野洋子,9.0,活了100万次的猫
作者:[德]马克思,9.0,1844年经济学哲学手稿
作者:马克思,9.2,路易·波拿巴的雾月十八日
作者:杰克·伦敦,9.0,野性的呼唤
作者:孙幼军,9.1,怪老头儿
作者:王尔德,9.0,道林格雷的画像
作者:裘锡圭,9.4,文字学概要
作者:[法]卢梭,9.0,论人与人之间不平等的起因和基础
作者:包刚升,9.2,政治学通识
作者:(英)弗吉尼亚·伍尔夫,9.0,海浪
作者:RandalE.Bryant/DavidO'Hallaron,9.8,深入理解计算机系统（原书第3版）
作者:[美]尼尔·盖曼（NeilGaiman）编/迈克·德林根贝格（MikeDringenberg）等绘,9.3,睡魔2：玩偶之家
作者:[巴西]法比奥·穆恩/[巴西]加布里埃尔·巴,9.0,一日谈
作者:R•柯朗/H•罗宾/I·斯图尔特,9.3,什么是数学
作者:程大锦,9.1,建筑：形式、空间和秩序
作者:顾随/叶嘉莹,9.2,顾随诗词讲记
作者:(波)瓦迪斯瓦夫.什皮尔曼,9.1,钢琴师
作者:金子美铃,9.1,向着明亮那方
作者:[德]埃里希·玛丽亚·雷马克,9.2,西线无战事
作者:[英国]以赛亚·柏林,9.2,自由及其背叛
作者:项飙,9.4,跨越边界的社区（修订版）
作者:(美)亚隆,9.6,存在主义心理治疗
作者:[英]柏瑞尔·马卡姆,9.0,夜航西飞
作者:甘耀明,9.0,邦查女孩
作者:史铁生,9.2,务虚笔记
作者:[以]丹尼尔·戈迪斯,8.9,以色列
作者:[俄]陀思妥耶夫斯基,9.3,被伤害与侮辱的人们
作者:[俄]费奥多尔·陀思妥耶夫斯基,9.0,涅朵奇卡·涅茨瓦诺娃
作者:（奥）卡夫卡/著/熊亮/编绘,9.2,饥饿艺术家
作者:毛泽东,9.1,论持久战
作者:[美]弗朗西斯·霍奇森·伯内特,9.0,小公主
作者:柏拉图(古希腊),9.3,游叙弗伦苏格拉底的申辩克力同
作者:马克斯·韦伯,9.3,新教伦理与资本主义精神
作者:康拉德•洛伦茨,9.2,所罗门王的指环
作者:白先勇,9.1,孽子
作者:罗伯特・麦基,9.3,故事
作者:叶嘉莹,9.0,人间词话七讲
作者:[美]乔治·斯坦纳,9.3,语言与沉默
作者:美国纽约摄影学院,8.9,美国纽约摄影学院摄影教材（下册）
作者:OscarWilde,9.0,莎乐美道林・格雷的画像
作者:梅拉妮·米歇尔,9.0,复杂
作者:米歇尔·福柯,9.1,疯癫与文明
作者:朱光潜,9.1,给青年的十二封信
作者:[德]尼采,9.2,悲剧的诞生
作者:周雪光,9.2,组织社会学十讲
作者:[英]玛丽·比尔德,9.1,罗马元老院与人民
作者:曹德旺,9.1,心若菩提
作者:[南非]特雷弗·诺亚,9.1,天生有罪
作者:[美]薛爱华,8.9,撒马尔罕的金桃
作者:陈力丹,9.0,新闻理论十讲
作者:[意]普里莫·莱维,9.5,被淹没与被拯救的
作者:[美]柯文,9.3,历史三调
作者:[匈]罗伯特·卡帕,9.0,失焦
作者:BesselvanderKolkM.D.(范德考克),9.0,身体从未忘记
作者:[墨西哥]胡安·鲁尔福,9.0,佩德罗·巴拉莫
作者:叶嘉莹,9.1,叶嘉莹说杜甫诗
作者:李平武,9.4,英语词根与单词的说文解字
作者:刘海龙,9.3,大众传播理论
作者:罗宾德拉纳特·泰戈尔,9.0,飞鸟集
作者:沈从文,9.0,从文自传
作者:德宝法师,9.0,观呼吸
作者:博·赫拉巴尔,9.0,过于喧嚣的孤独
作者:尚荣译注,9.3,坛经
作者:都梁,9.0,血色浪漫
作者:[爱尔兰]乔伊斯,9.1,尤利西斯
作者:(美)伊丽莎白·斯特劳特,9.0,奥丽芙·基特里奇
作者:[法]安东尼•德•圣埃克苏佩里/AntoinedeSaintExupéry,9.1,风沙星辰
作者:[英]弗吉尼亚·伍尔夫,9.1,海浪
作者:张爱玲,9.0,流言
作者:[美]RobertSedgewick/[美]KevinWayne,9.4,算法（第4版）
作者:梁启超,9.2,李鸿章传
作者:(英)莎士比亚(ShakespeareW.),9.0,奥赛罗
作者:[日]三岛由纪夫,9.2,春雪
作者:茨威格,9.0,一个陌生女人的来信
作者:[美]威廉·福克纳,9.0,八月之光
作者:阿城,9.1,遍地风流
作者:[美]理查德·格里格/[美]菲利普·津巴多,9.4,心理学与生活（第19版）
作者:[美]威廉·福克纳,9.0,喧哗与骚动
作者:[英]阿加莎·克里斯蒂,9.0,帷幕
作者:[日]上野千鹤子,9.1,父权制与资本主义
作者:刘子超,8.9,失落的卫星
作者:[美]香奈儿·米勒,9.2,知晓我姓名
作者:[意]埃莱娜·费兰特,8.9,碎片
作者:陶勇,8.8,目光
作者:[美]Mondo公司,9.5,Mondo电影海报艺术典藏
作者:[波兰]安杰伊·萨普科夫斯基,9.3,猎魔人7
作者:[美]罗伯特·谢克里,8.9,世界杂货店
作者:[英]埃德温·A·艾勃特,9.2,平面国
作者:[俄罗斯]瓦西里·格罗斯曼,9.4,生活与命运
